timestamp,app_name,total_connections,unique_destinations,services_accessed,email_connections
2024-11-16T13:41:28.371983,TabNine-dee,3,2,"OTHER,WEB",0
2024-11-16T13:41:28.371983,firefox,3,3,WEB,0
2024-11-16T13:41:28.371983,TabNine,4,3,"OTHER,WEB",0
2024-11-16T13:41:28.371983,warp-terminal,3,3,WEB,0
2024-11-16T13:41:28.371983,brave,10,11,"WEB,OTHER",0
2024-11-16T13:41:28.371983,Code,1,1,WEB,0
2024-11-16T13:41:28.371983,vdb,1,1,OTHER,0
2024-11-16T13:41:28.371983,WD-TabNine,1,1,WEB,0
2024-11-16T13:41:28.371983,NetworkManager,2,2,OTHER,0
2024-11-16T13:41:36.366657,TabNine-dee,3,2,"OTHER,WEB",0
2024-11-16T13:41:36.366657,firefox,3,3,WEB,0
2024-11-16T13:41:36.366657,TabNine,4,3,"OTHER,WEB",0
2024-11-16T13:41:36.366657,warp-terminal,3,3,WEB,0
2024-11-16T13:41:36.366657,brave,11,12,"WEB,OTHER",0
2024-11-16T13:41:36.366657,Code,1,1,WEB,0
2024-11-16T13:41:36.366657,vdb,1,1,OTHER,0
2024-11-16T13:41:36.366657,WD-TabNine,1,1,WEB,0
2024-11-16T13:41:36.366657,NetworkManager,2,2,OTHER,0
2024-11-16T13:41:41.656595,TabNine-dee,3,2,"OTHER,WEB",0
2024-11-16T13:41:41.656595,firefox,3,3,WEB,0
2024-11-16T13:41:41.656595,TabNine,4,3,"OTHER,WEB",0
2024-11-16T13:41:41.656595,warp-terminal,3,3,WEB,0
2024-11-16T13:41:41.656595,brave,11,11,"WEB,OTHER",0
2024-11-16T13:41:41.656595,Code,1,1,WEB,0
2024-11-16T13:41:41.656595,vdb,1,1,OTHER,0
2024-11-16T13:41:41.656595,WD-TabNine,1,1,WEB,0
2024-11-16T13:41:41.656595,NetworkManager,2,2,OTHER,0
2024-11-16T13:41:47.016316,TabNine-dee,3,2,"OTHER,WEB",0
2024-11-16T13:41:47.016316,firefox,3,3,WEB,0
2024-11-16T13:41:47.016316,TabNine,4,3,"OTHER,WEB",0
2024-11-16T13:41:47.016316,warp-terminal,3,3,WEB,0
2024-11-16T13:41:47.016316,brave,11,12,"WEB,OTHER",0
2024-11-16T13:41:47.016316,Code,1,1,WEB,0
2024-11-16T13:41:47.016316,vdb,1,1,OTHER,0
2024-11-16T13:41:47.016316,WD-TabNine,1,1,WEB,0
2024-11-16T13:41:47.016316,NetworkManager,2,2,OTHER,0
2024-11-16T13:41:52.435954,TabNine-dee,3,2,"OTHER,WEB",0
2024-11-16T13:41:52.435954,firefox,3,3,WEB,0
2024-11-16T13:41:52.435954,TabNine,4,3,"OTHER,WEB",0
2024-11-16T13:41:52.435954,warp-terminal,3,3,WEB,0
2024-11-16T13:41:52.435954,brave,11,11,"WEB,OTHER",0
2024-11-16T13:41:52.435954,Code,1,1,WEB,0
2024-11-16T13:41:52.435954,vdb,1,1,OTHER,0
2024-11-16T13:41:52.435954,WD-TabNine,1,1,WEB,0
2024-11-16T13:41:52.435954,NetworkManager,2,2,OTHER,0
2024-11-16T13:41:57.807324,TabNine-dee,3,2,"OTHER,WEB",0
2024-11-16T13:41:57.807324,firefox,3,3,WEB,0
2024-11-16T13:41:57.807324,TabNine,4,3,"OTHER,WEB",0
2024-11-16T13:41:57.807324,warp-terminal,4,4,WEB,0
2024-11-16T13:41:57.807324,brave,11,11,"WEB,OTHER",0
2024-11-16T13:41:57.807324,Code,1,1,WEB,0
2024-11-16T13:41:57.807324,vdb,1,1,OTHER,0
2024-11-16T13:41:57.807324,WD-TabNine,1,1,WEB,0
2024-11-16T13:41:57.807324,NetworkManager,2,2,OTHER,0
2024-11-16T13:42:03.269189,TabNine-dee,3,2,"OTHER,WEB",0
2024-11-16T13:42:03.269189,firefox,3,3,WEB,0
2024-11-16T13:42:03.269189,TabNine,4,3,"OTHER,WEB",0
2024-11-16T13:42:03.269189,warp-terminal,4,4,WEB,0
2024-11-16T13:42:03.269189,brave,11,12,"WEB,OTHER",0
2024-11-16T13:42:03.269189,ssh,1,1,FILE-TRANSFER,0
2024-11-16T13:42:03.269189,Code,1,1,WEB,0
2024-11-16T13:42:03.269189,vdb,1,1,OTHER,0
2024-11-16T13:42:03.269189,WD-TabNine,1,1,WEB,0
2024-11-16T13:42:03.269189,NetworkManager,2,2,OTHER,0
2024-11-16T13:42:08.578319,TabNine-dee,3,2,"OTHER,WEB",0
2024-11-16T13:42:08.578319,firefox,3,3,WEB,0
2024-11-16T13:42:08.578319,TabNine,4,3,"OTHER,WEB",0
2024-11-16T13:42:08.578319,warp-terminal,4,4,WEB,0
2024-11-16T13:42:08.578319,brave,12,12,"WEB,OTHER",0
2024-11-16T13:42:08.578319,Code,1,1,WEB,0
2024-11-16T13:42:08.578319,vdb,1,1,OTHER,0
2024-11-16T13:42:08.578319,WD-TabNine,1,1,WEB,0
2024-11-16T13:42:08.578319,NetworkManager,2,2,OTHER,0
2024-11-16T13:42:13.866229,TabNine-dee,3,2,"OTHER,WEB",0
2024-11-16T13:42:13.866229,firefox,3,3,WEB,0
2024-11-16T13:42:13.866229,TabNine,4,3,"OTHER,WEB",0
2024-11-16T13:42:13.866229,warp-terminal,4,4,WEB,0
2024-11-16T13:42:13.866229,brave,12,12,"WEB,OTHER",0
2024-11-16T13:42:13.866229,Code,1,1,WEB,0
2024-11-16T13:42:13.866229,vdb,1,1,OTHER,0
2024-11-16T13:42:13.866229,WD-TabNine,1,1,WEB,0
2024-11-16T13:42:13.866229,NetworkManager,2,2,OTHER,0
2024-11-16T13:42:19.150175,TabNine-dee,3,2,"OTHER,WEB",0
2024-11-16T13:42:19.150175,firefox,3,3,WEB,0
2024-11-16T13:42:19.150175,TabNine,4,3,"OTHER,WEB",0
2024-11-16T13:42:19.150175,warp-terminal,4,4,WEB,0
2024-11-16T13:42:19.150175,brave,12,13,"WEB,OTHER",0
2024-11-16T13:42:19.150175,Code,1,1,WEB,0
2024-11-16T13:42:19.150175,vdb,1,1,OTHER,0
2024-11-16T13:42:19.150175,WD-TabNine,1,1,WEB,0
2024-11-16T13:42:19.150175,NetworkManager,2,2,OTHER,0
2024-11-16T13:42:24.460475,TabNine-dee,3,2,"OTHER,WEB",0
2024-11-16T13:42:24.460475,firefox,3,3,WEB,0
2024-11-16T13:42:24.460475,TabNine,4,3,"OTHER,WEB",0
2024-11-16T13:42:24.460475,warp-terminal,4,4,WEB,0
2024-11-16T13:42:24.460475,brave,12,12,"WEB,OTHER",0
2024-11-16T13:42:24.460475,Code,1,1,WEB,0
2024-11-16T13:42:24.460475,vdb,1,1,OTHER,0
2024-11-16T13:42:24.460475,WD-TabNine,1,1,WEB,0
2024-11-16T13:42:24.460475,NetworkManager,2,2,OTHER,0
2024-11-16T13:42:29.887366,TabNine-dee,3,2,"OTHER,WEB",0
2024-11-16T13:42:29.887366,firefox,3,3,WEB,0
2024-11-16T13:42:29.887366,TabNine,4,3,"OTHER,WEB",0
2024-11-16T13:42:29.887366,warp-terminal,4,4,WEB,0
2024-11-16T13:42:29.887366,brave,12,12,"WEB,OTHER",0
2024-11-16T13:42:29.887366,Code,1,1,WEB,0
2024-11-16T13:42:29.887366,vdb,1,1,OTHER,0
2024-11-16T13:42:29.887366,WD-TabNine,1,1,WEB,0
2024-11-16T13:42:29.887366,NetworkManager,2,2,OTHER,0
2024-11-16T13:42:35.173305,TabNine-dee,3,2,"OTHER,WEB",0
2024-11-16T13:42:35.173305,firefox,3,3,WEB,0
2024-11-16T13:42:35.173305,TabNine,4,3,"OTHER,WEB",0
2024-11-16T13:42:35.173305,warp-terminal,4,4,WEB,0
2024-11-16T13:42:35.173305,brave,12,13,"WEB,OTHER",0
2024-11-16T13:42:35.173305,Code,1,1,WEB,0
2024-11-16T13:42:35.173305,vdb,1,1,OTHER,0
2024-11-16T13:42:35.173305,WD-TabNine,1,1,WEB,0
2024-11-16T13:42:35.173305,NetworkManager,2,2,OTHER,0
2024-11-16T13:42:40.474833,TabNine-dee,3,2,"OTHER,WEB",0
2024-11-16T13:42:40.474833,firefox,3,3,WEB,0
2024-11-16T13:42:40.474833,TabNine,4,3,"OTHER,WEB",0
2024-11-16T13:42:40.474833,warp-terminal,4,4,WEB,0
2024-11-16T13:42:40.474833,brave,12,13,"WEB,OTHER",0
2024-11-16T13:42:40.474833,Code,1,1,WEB,0
2024-11-16T13:42:40.474833,vdb,1,1,OTHER,0
2024-11-16T13:42:40.474833,WD-TabNine,1,1,WEB,0
2024-11-16T13:42:40.474833,NetworkManager,2,2,OTHER,0
2024-11-16T13:42:45.834949,TabNine-dee,3,2,"OTHER,WEB",0
2024-11-16T13:42:45.834949,firefox,3,3,WEB,0
2024-11-16T13:42:45.834949,TabNine,4,3,"OTHER,WEB",0
2024-11-16T13:42:45.834949,warp-terminal,4,4,WEB,0
2024-11-16T13:42:45.834949,brave,12,12,"WEB,OTHER",0
2024-11-16T13:42:45.834949,Code,1,1,WEB,0
2024-11-16T13:42:45.834949,vdb,1,1,OTHER,0
2024-11-16T13:42:45.834949,WD-TabNine,1,1,WEB,0
2024-11-16T13:42:45.834949,NetworkManager,2,2,OTHER,0
2024-11-16T13:42:51.151460,TabNine-dee,3,2,"OTHER,WEB",0
2024-11-16T13:42:51.151460,firefox,3,3,WEB,0
2024-11-16T13:42:51.151460,TabNine,4,3,"OTHER,WEB",0
2024-11-16T13:42:51.151460,warp-terminal,4,4,WEB,0
2024-11-16T13:42:51.151460,brave,12,12,"WEB,OTHER",0
2024-11-16T13:42:51.151460,Code,1,1,WEB,0
2024-11-16T13:42:51.151460,vdb,1,1,OTHER,0
2024-11-16T13:42:51.151460,WD-TabNine,1,1,WEB,0
2024-11-16T13:42:51.151460,NetworkManager,2,2,OTHER,0
2024-11-16T13:42:56.589270,TabNine-dee,3,2,"OTHER,WEB",0
2024-11-16T13:42:56.589270,firefox,3,3,WEB,0
2024-11-16T13:42:56.589270,TabNine,4,3,"OTHER,WEB",0
2024-11-16T13:42:56.589270,warp-terminal,4,4,WEB,0
2024-11-16T13:42:56.589270,brave,12,12,"WEB,OTHER",0
2024-11-16T13:42:56.589270,Code,2,2,WEB,0
2024-11-16T13:42:56.589270,vdb,1,1,OTHER,0
2024-11-16T13:42:56.589270,WD-TabNine,1,1,WEB,0
2024-11-16T13:42:56.589270,NetworkManager,2,2,OTHER,0
2024-11-16T13:43:01.880368,TabNine-dee,3,2,"OTHER,WEB",0
2024-11-16T13:43:01.880368,firefox,3,3,WEB,0
2024-11-16T13:43:01.880368,TabNine,4,3,"OTHER,WEB",0
2024-11-16T13:43:01.880368,warp-terminal,4,4,WEB,0
2024-11-16T13:43:01.880368,brave,12,13,"WEB,OTHER",0
2024-11-16T13:43:01.880368,Code,2,2,WEB,0
2024-11-16T13:43:01.880368,vdb,1,1,OTHER,0
2024-11-16T13:43:01.880368,WD-TabNine,1,1,WEB,0
2024-11-16T13:43:01.880368,NetworkManager,2,2,OTHER,0
2024-11-16T13:43:07.353615,TabNine-dee,3,2,"OTHER,WEB",0
2024-11-16T13:43:07.353615,firefox,3,3,WEB,0
2024-11-16T13:43:07.353615,TabNine,4,3,"OTHER,WEB",0
2024-11-16T13:43:07.353615,warp-terminal,4,4,WEB,0
2024-11-16T13:43:07.353615,brave,12,13,"WEB,OTHER",0
2024-11-16T13:43:07.353615,Code,2,2,WEB,0
2024-11-16T13:43:07.353615,vdb,1,1,OTHER,0
2024-11-16T13:43:07.353615,WD-TabNine,1,1,WEB,0
2024-11-16T13:43:07.353615,NetworkManager,2,2,OTHER,0
2024-11-16T13:43:12.696714,TabNine-dee,3,2,"OTHER,WEB",0
2024-11-16T13:43:12.696714,firefox,3,3,WEB,0
2024-11-16T13:43:12.696714,TabNine,4,3,"OTHER,WEB",0
2024-11-16T13:43:12.696714,warp-terminal,3,3,WEB,0
2024-11-16T13:43:12.696714,brave,12,12,"WEB,OTHER",0
2024-11-16T13:43:12.696714,Code,2,2,WEB,0
2024-11-16T13:43:12.696714,vdb,1,1,OTHER,0
2024-11-16T13:43:12.696714,WD-TabNine,1,1,WEB,0
2024-11-16T13:43:12.696714,NetworkManager,2,2,OTHER,0
2024-11-16T13:43:18.340351,TabNine-dee,3,2,"OTHER,WEB",0
2024-11-16T13:43:18.340351,firefox,3,3,WEB,0
2024-11-16T13:43:18.340351,TabNine,4,3,"OTHER,WEB",0
2024-11-16T13:43:18.340351,warp-terminal,3,3,WEB,0
2024-11-16T13:43:18.340351,brave,12,13,"WEB,OTHER",0
2024-11-16T13:43:18.340351,Code,2,2,WEB,0
2024-11-16T13:43:18.340351,vdb,1,1,OTHER,0
2024-11-16T13:43:18.340351,WD-TabNine,1,1,WEB,0
2024-11-16T13:43:18.340351,NetworkManager,2,2,OTHER,0
2024-11-16T13:43:23.664833,TabNine-dee,3,2,"OTHER,WEB",0
2024-11-16T13:43:23.664833,firefox,3,3,WEB,0
2024-11-16T13:43:23.664833,TabNine,4,3,"OTHER,WEB",0
2024-11-16T13:43:23.664833,warp-terminal,3,3,WEB,0
2024-11-16T13:43:23.664833,brave,12,12,"WEB,OTHER",0
2024-11-16T13:43:23.664833,Code,2,2,WEB,0
2024-11-16T13:43:23.664833,vdb,1,1,OTHER,0
2024-11-16T13:43:23.664833,WD-TabNine,1,1,WEB,0
2024-11-16T13:43:23.664833,NetworkManager,2,2,OTHER,0
2024-11-16T13:43:29.823614,TabNine-dee,3,2,"OTHER,WEB",0
2024-11-16T13:43:29.823614,firefox,3,3,WEB,0
2024-11-16T13:43:29.823614,TabNine,4,3,"OTHER,WEB",0
2024-11-16T13:43:29.823614,warp-terminal,3,3,WEB,0
2024-11-16T13:43:29.823614,brave,12,12,"WEB,OTHER",0
2024-11-16T13:43:29.823614,Code,2,2,WEB,0
2024-11-16T13:43:29.823614,vdb,1,1,OTHER,0
2024-11-16T13:43:29.823614,WD-TabNine,1,1,WEB,0
2024-11-16T13:43:29.823614,NetworkManager,2,2,OTHER,0
2024-11-16T13:43:35.257082,TabNine-dee,3,2,"OTHER,WEB",0
2024-11-16T13:43:35.257082,firefox,3,3,WEB,0
2024-11-16T13:43:35.257082,TabNine,4,3,"OTHER,WEB",0
2024-11-16T13:43:35.257082,warp-terminal,3,3,WEB,0
2024-11-16T13:43:35.257082,brave,12,13,"WEB,OTHER",0
2024-11-16T13:43:35.257082,Code,2,2,WEB,0
2024-11-16T13:43:35.257082,vdb,1,1,OTHER,0
2024-11-16T13:43:35.257082,WD-TabNine,1,1,WEB,0
2024-11-16T13:43:35.257082,NetworkManager,2,2,OTHER,0
2024-11-16T13:43:40.577707,TabNine-dee,3,2,"OTHER,WEB",0
2024-11-16T13:43:40.577707,firefox,3,3,WEB,0
2024-11-16T13:43:40.577707,TabNine,4,3,"OTHER,WEB",0
2024-11-16T13:43:40.577707,warp-terminal,3,3,WEB,0
2024-11-16T13:43:40.577707,brave,12,13,"WEB,OTHER",0
2024-11-16T13:43:40.577707,Code,2,2,WEB,0
2024-11-16T13:43:40.577707,vdb,1,1,OTHER,0
2024-11-16T13:43:40.577707,WD-TabNine,1,1,WEB,0
2024-11-16T13:43:40.577707,NetworkManager,2,2,OTHER,0
2024-11-16T13:43:46.018229,TabNine-dee,3,2,"OTHER,WEB",0
2024-11-16T13:43:46.018229,firefox,3,3,WEB,0
2024-11-16T13:43:46.018229,TabNine,4,3,"OTHER,WEB",0
2024-11-16T13:43:46.018229,warp-terminal,3,3,WEB,0
2024-11-16T13:43:46.018229,brave,12,12,"WEB,OTHER",0
2024-11-16T13:43:46.018229,Code,2,2,WEB,0
2024-11-16T13:43:46.018229,vdb,1,1,OTHER,0
2024-11-16T13:43:46.018229,WD-TabNine,1,1,WEB,0
2024-11-16T13:43:46.018229,NetworkManager,2,2,OTHER,0
2024-11-16T13:43:51.463636,TabNine-dee,3,2,"OTHER,WEB",0
2024-11-16T13:43:51.463636,firefox,3,3,WEB,0
2024-11-16T13:43:51.463636,TabNine,4,3,"OTHER,WEB",0
2024-11-16T13:43:51.463636,warp-terminal,3,3,WEB,0
2024-11-16T13:43:51.463636,brave,12,13,"WEB,OTHER",0
2024-11-16T13:43:51.463636,Code,2,2,WEB,0
2024-11-16T13:43:51.463636,vdb,1,1,OTHER,0
2024-11-16T13:43:51.463636,WD-TabNine,1,1,WEB,0
2024-11-16T13:43:51.463636,NetworkManager,2,2,OTHER,0
2024-11-16T13:43:56.774190,TabNine-dee,3,2,"OTHER,WEB",0
2024-11-16T13:43:56.774190,firefox,3,3,WEB,0
2024-11-16T13:43:56.774190,TabNine,4,3,"OTHER,WEB",0
2024-11-16T13:43:56.774190,warp-terminal,3,3,WEB,0
2024-11-16T13:43:56.774190,brave,12,12,"WEB,OTHER",0
2024-11-16T13:43:56.774190,Code,2,2,WEB,0
2024-11-16T13:43:56.774190,vdb,1,1,OTHER,0
2024-11-16T13:43:56.774190,WD-TabNine,1,1,WEB,0
2024-11-16T13:43:56.774190,NetworkManager,2,2,OTHER,0
2024-11-16T13:44:02.087007,TabNine-dee,3,2,"OTHER,WEB",0
2024-11-16T13:44:02.087007,firefox,3,3,WEB,0
2024-11-16T13:44:02.087007,TabNine,4,3,"OTHER,WEB",0
2024-11-16T13:44:02.087007,warp-terminal,3,3,WEB,0
2024-11-16T13:44:02.087007,brave,13,13,"WEB,OTHER",0
2024-11-16T13:44:02.087007,Code,2,2,WEB,0
2024-11-16T13:44:02.087007,vdb,1,1,OTHER,0
2024-11-16T13:44:02.087007,WD-TabNine,1,1,WEB,0
2024-11-16T13:44:02.087007,NetworkManager,2,2,OTHER,0
2024-11-16T13:44:07.398345,TabNine-dee,3,2,"OTHER,WEB",0
2024-11-16T13:44:07.398345,firefox,3,3,WEB,0
2024-11-16T13:44:07.398345,TabNine,4,3,"OTHER,WEB",0
2024-11-16T13:44:07.398345,warp-terminal,3,3,WEB,0
2024-11-16T13:44:07.398345,WD-TabNine,1,1,WEB,0
2024-11-16T13:44:07.398345,brave,13,13,"WEB,OTHER",0
2024-11-16T13:44:07.398345,Code,2,2,WEB,0
2024-11-16T13:44:07.398345,vdb,1,1,OTHER,0
2024-11-16T13:44:07.398345,NetworkManager,2,2,OTHER,0
2024-11-16T13:44:12.732590,TabNine-dee,3,2,"OTHER,WEB",0
2024-11-16T13:44:12.732590,firefox,3,3,WEB,0
2024-11-16T13:44:12.732590,TabNine,4,3,"OTHER,WEB",0
2024-11-16T13:44:12.732590,warp-terminal,3,3,WEB,0
2024-11-16T13:44:12.732590,brave,13,14,"WEB,OTHER",0
2024-11-16T13:44:12.732590,Code,2,2,WEB,0
2024-11-16T13:44:12.732590,WD-TabNine,1,1,WEB,0
2024-11-16T13:44:12.732590,vdb,1,1,OTHER,0
2024-11-16T13:44:12.732590,NetworkManager,2,2,OTHER,0
2024-11-16T13:44:18.036581,TabNine-dee,3,2,"OTHER,WEB",0
2024-11-16T13:44:18.036581,firefox,3,3,WEB,0
2024-11-16T13:44:18.036581,TabNine,4,3,"OTHER,WEB",0
2024-11-16T13:44:18.036581,warp-terminal,3,3,WEB,0
2024-11-16T13:44:18.036581,brave,13,14,"WEB,OTHER",0
2024-11-16T13:44:18.036581,Code,2,2,WEB,0
2024-11-16T13:44:18.036581,WD-TabNine,1,1,WEB,0
2024-11-16T13:44:18.036581,vdb,1,1,OTHER,0
2024-11-16T13:44:18.036581,NetworkManager,2,2,OTHER,0
2024-11-16T13:44:23.354196,TabNine-dee,3,2,"OTHER,WEB",0
2024-11-16T13:44:23.354196,firefox,3,3,WEB,0
2024-11-16T13:44:23.354196,TabNine,4,3,"OTHER,WEB",0
2024-11-16T13:44:23.354196,warp-terminal,3,3,WEB,0
2024-11-16T13:44:23.354196,brave,13,14,"WEB,OTHER",0
2024-11-16T13:44:23.354196,Code,2,2,WEB,0
2024-11-16T13:44:23.354196,WD-TabNine,1,1,WEB,0
2024-11-16T13:44:23.354196,vdb,1,1,OTHER,0
2024-11-16T13:44:23.354196,NetworkManager,2,2,OTHER,0
2024-11-16T13:44:28.663139,TabNine-dee,3,2,"OTHER,WEB",0
2024-11-16T13:44:28.663139,firefox,3,3,WEB,0
2024-11-16T13:44:28.663139,TabNine,4,3,"OTHER,WEB",0
2024-11-16T13:44:28.663139,warp-terminal,3,3,WEB,0
2024-11-16T13:44:28.663139,brave,13,14,"WEB,OTHER",0
2024-11-16T13:44:28.663139,Code,2,2,WEB,0
2024-11-16T13:44:28.663139,WD-TabNine,1,1,WEB,0
2024-11-16T13:44:28.663139,vdb,1,1,OTHER,0
2024-11-16T13:44:28.663139,NetworkManager,2,2,OTHER,0
2024-11-16T13:44:33.975907,TabNine-dee,3,2,"OTHER,WEB",0
2024-11-16T13:44:33.975907,firefox,3,3,WEB,0
2024-11-16T13:44:33.975907,TabNine,4,3,"OTHER,WEB",0
2024-11-16T13:44:33.975907,warp-terminal,3,3,WEB,0
2024-11-16T13:44:33.975907,brave,13,14,"WEB,OTHER",0
2024-11-16T13:44:33.975907,Code,2,2,WEB,0
2024-11-16T13:44:33.975907,WD-TabNine,1,1,WEB,0
2024-11-16T13:44:33.975907,vdb,1,1,OTHER,0
2024-11-16T13:44:33.975907,NetworkManager,2,2,OTHER,0
2024-11-16T13:44:39.417220,TabNine-dee,3,2,"OTHER,WEB",0
2024-11-16T13:44:39.417220,firefox,3,3,WEB,0
2024-11-16T13:44:39.417220,TabNine,4,3,"OTHER,WEB",0
2024-11-16T13:44:39.417220,warp-terminal,3,3,WEB,0
2024-11-16T13:44:39.417220,brave,13,14,"WEB,OTHER",0
2024-11-16T13:44:39.417220,Code,2,2,WEB,0
2024-11-16T13:44:39.417220,WD-TabNine,1,1,WEB,0
2024-11-16T13:44:39.417220,vdb,1,1,OTHER,0
2024-11-16T13:44:39.417220,NetworkManager,2,2,OTHER,0
2024-11-16T13:44:44.724572,TabNine-dee,3,2,"OTHER,WEB",0
2024-11-16T13:44:44.724572,firefox,3,3,WEB,0
2024-11-16T13:44:44.724572,TabNine,4,3,"OTHER,WEB",0
2024-11-16T13:44:44.724572,warp-terminal,3,3,WEB,0
2024-11-16T13:44:44.724572,brave,12,12,"WEB,OTHER",0
2024-11-16T13:44:44.724572,Code,2,2,WEB,0
2024-11-16T13:44:44.724572,WD-TabNine,1,1,WEB,0
2024-11-16T13:44:44.724572,vdb,1,1,OTHER,0
2024-11-16T13:44:44.724572,NetworkManager,2,2,OTHER,0
2024-11-16T13:44:50.025912,TabNine-dee,3,2,"OTHER,WEB",0
2024-11-16T13:44:50.025912,firefox,3,3,WEB,0
2024-11-16T13:44:50.025912,TabNine,4,3,"OTHER,WEB",0
2024-11-16T13:44:50.025912,warp-terminal,3,3,WEB,0
2024-11-16T13:44:50.025912,brave,12,12,"WEB,OTHER",0
2024-11-16T13:44:50.025912,Code,2,2,WEB,0
2024-11-16T13:44:50.025912,WD-TabNine,1,1,WEB,0
2024-11-16T13:44:50.025912,vdb,1,1,OTHER,0
2024-11-16T13:44:50.025912,NetworkManager,2,2,OTHER,0
2024-11-16T13:44:55.319960,TabNine-dee,3,2,"OTHER,WEB",0
2024-11-16T13:44:55.319960,firefox,3,3,WEB,0
2024-11-16T13:44:55.319960,TabNine,4,3,"OTHER,WEB",0
2024-11-16T13:44:55.319960,warp-terminal,3,3,WEB,0
2024-11-16T13:44:55.319960,brave,12,13,"WEB,OTHER",0
2024-11-16T13:44:55.319960,Code,2,2,WEB,0
2024-11-16T13:44:55.319960,WD-TabNine,1,1,WEB,0
2024-11-16T13:44:55.319960,vdb,1,1,OTHER,0
2024-11-16T13:44:55.319960,NetworkManager,2,2,OTHER,0
2024-11-16T13:45:00.660421,TabNine-dee,3,2,"OTHER,WEB",0
2024-11-16T13:45:00.660421,firefox,3,3,WEB,0
2024-11-16T13:45:00.660421,TabNine,4,3,"OTHER,WEB",0
2024-11-16T13:45:00.660421,warp-terminal,3,3,WEB,0
2024-11-16T13:45:00.660421,brave,12,12,"WEB,OTHER",0
2024-11-16T13:45:00.660421,Code,2,2,WEB,0
2024-11-16T13:45:00.660421,WD-TabNine,1,1,WEB,0
2024-11-16T13:45:00.660421,vdb,1,1,OTHER,0
2024-11-16T13:45:00.660421,NetworkManager,2,2,OTHER,0
2024-11-16T13:45:05.963725,TabNine-dee,3,2,"OTHER,WEB",0
2024-11-16T13:45:05.963725,firefox,3,3,WEB,0
2024-11-16T13:45:05.963725,TabNine,4,3,"OTHER,WEB",0
2024-11-16T13:45:05.963725,warp-terminal,3,3,WEB,0
2024-11-16T13:45:05.963725,brave,12,13,"WEB,OTHER",0
2024-11-16T13:45:05.963725,Code,2,2,WEB,0
2024-11-16T13:45:05.963725,WD-TabNine,1,1,WEB,0
2024-11-16T13:45:05.963725,vdb,1,1,OTHER,0
2024-11-16T13:45:05.963725,NetworkManager,2,2,OTHER,0
2024-11-16T13:45:11.260337,TabNine-dee,3,2,"OTHER,WEB",0
2024-11-16T13:45:11.260337,firefox,3,3,WEB,0
2024-11-16T13:45:11.260337,TabNine,4,3,"OTHER,WEB",0
2024-11-16T13:45:11.260337,warp-terminal,3,3,WEB,0
2024-11-16T13:45:11.260337,brave,12,13,"WEB,OTHER",0
2024-11-16T13:45:11.260337,Code,2,2,WEB,0
2024-11-16T13:45:11.260337,WD-TabNine,1,1,WEB,0
2024-11-16T13:45:11.260337,vdb,1,1,OTHER,0
2024-11-16T13:45:11.260337,NetworkManager,2,2,OTHER,0
2024-11-16T13:45:16.682553,TabNine-dee,3,2,"OTHER,WEB",0
2024-11-16T13:45:16.682553,firefox,3,3,WEB,0
2024-11-16T13:45:16.682553,TabNine,4,3,"OTHER,WEB",0
2024-11-16T13:45:16.682553,warp-terminal,3,3,WEB,0
2024-11-16T13:45:16.682553,brave,13,14,"WEB,OTHER",0
2024-11-16T13:45:16.682553,Code,2,2,WEB,0
2024-11-16T13:45:16.682553,WD-TabNine,1,1,WEB,0
2024-11-16T13:45:16.682553,vdb,1,1,OTHER,0
2024-11-16T13:45:16.682553,NetworkManager,2,2,OTHER,0
2024-11-16T13:45:21.970639,TabNine-dee,3,2,"OTHER,WEB",0
2024-11-16T13:45:21.970639,firefox,3,3,WEB,0
2024-11-16T13:45:21.970639,TabNine,4,3,"OTHER,WEB",0
2024-11-16T13:45:21.970639,warp-terminal,3,3,WEB,0
2024-11-16T13:45:21.970639,brave,13,14,"WEB,OTHER",0
2024-11-16T13:45:21.970639,Code,2,2,WEB,0
2024-11-16T13:45:21.970639,WD-TabNine,1,1,WEB,0
2024-11-16T13:45:21.970639,vdb,1,1,OTHER,0
2024-11-16T13:45:21.970639,NetworkManager,2,2,OTHER,0
2024-11-16T13:45:27.136486,TabNine-dee,3,2,"OTHER,WEB",0
2024-11-16T13:45:27.136486,firefox,3,3,WEB,0
2024-11-16T13:45:27.136486,TabNine,4,3,"OTHER,WEB",0
2024-11-16T13:45:27.136486,warp-terminal,3,3,WEB,0
2024-11-16T13:45:27.136486,brave,13,13,"WEB,OTHER",0
2024-11-16T13:45:27.136486,Code,2,2,WEB,0
2024-11-16T13:45:27.136486,WD-TabNine,1,1,WEB,0
2024-11-16T13:45:27.136486,vdb,1,1,OTHER,0
2024-11-16T13:45:27.136486,NetworkManager,2,2,OTHER,0
2024-11-16T13:45:33.080330,TabNine-dee,3,2,"OTHER,WEB",0
2024-11-16T13:45:33.080330,firefox,3,3,WEB,0
2024-11-16T13:45:33.080330,TabNine,4,3,"OTHER,WEB",0
2024-11-16T13:45:33.080330,warp-terminal,3,3,WEB,0
2024-11-16T13:45:33.080330,brave,13,13,"WEB,OTHER",0
2024-11-16T13:45:33.080330,Code,2,2,WEB,0
2024-11-16T13:45:33.080330,WD-TabNine,1,1,WEB,0
2024-11-16T13:45:33.080330,vdb,1,1,OTHER,0
2024-11-16T13:45:33.080330,NetworkManager,2,2,OTHER,0
